dep_group,avgGPA
Economics/Business,3.058296722530098
Engineering,3.36873256734887
HSSA,3.278109594699063
Math/Stats,3.02033892262919
Science,3.008354577172628
